dataset,generator,variant,verifier_variant,method,vehicles,distance,feasible,violations,runtime,typed_feedback,action_rules,route_elimination_called,bks_vehicles,bks_distance,vehicle_gap,distance_gap_pct,distance_gap_comparable,bks_source
C101,nearest_neighbor,binary_feasibility_only,binary_feasibility_only,nearest_neighbor+binary_feasibility_only,15,1511.643518,True,0,7.456947,False,False,False,10,828.94,5,82.358617,False,SINTEF VRPTW 100 customers
C101,nearest_neighbor,typed_action_rules,typed_action_rules,nearest_neighbor+typed_action_rules,12,1226.193560,True,0,3.614899,True,True,True,10,828.94,2,47.923078,False,SINTEF VRPTW 100 customers
C101,nearest_neighbor,typed_diagnostics_only,typed_diagnostics_only,nearest_neighbor+typed_diagnostics_only,15,1511.643518,True,0,7.488732,True,False,False,10,828.94,5,82.358617,False,SINTEF VRPTW 100 customers
C102,nearest_neighbor,binary_feasibility_only,binary_feasibility_only,nearest_neighbor+binary_feasibility_only,14,1324.138397,True,0,9.666153,False,False,False,10,828.94,4,59.738750,False,SINTEF VRPTW 100 customers
C102,nearest_neighbor,typed_action_rules,typed_action_rules,nearest_neighbor+typed_action_rules,11,1385.332802,True,0,5.927493,True,True,True,10,828.94,1,67.120998,False,SINTEF VRPTW 100 customers
C102,nearest_neighbor,typed_diagnostics_only,typed_diagnostics_only,nearest_neighbor+typed_diagnostics_only,14,1324.138397,True,0,9.682103,True,False,False,10,828.94,4,59.738750,False,SINTEF VRPTW 100 customers
C103,nearest_neighbor,binary_feasibility_only,binary_feasibility_only,nearest_neighbor+binary_feasibility_only,13,1302.175340,True,0,9.972559,False,False,False,10,828.06,3,57.256158,False,SINTEF VRPTW 100 customers
C103,nearest_neighbor,typed_action_rules,typed_action_rules,nearest_neighbor+typed_action_rules,10,1322.223654,True,0,2.611860,True,True,True,10,828.06,0,59.677276,True,SINTEF VRPTW 100 customers
C103,nearest_neighbor,typed_diagnostics_only,typed_diagnostics_only,nearest_neighbor+typed_diagnostics_only,13,1302.175340,True,0,9.990315,True,False,False,10,828.06,3,57.256158,False,SINTEF VRPTW 100 customers
C104,nearest_neighbor,binary_feasibility_only,binary_feasibility_only,nearest_neighbor+binary_feasibility_only,12,1325.433211,True,0,8.699197,False,False,False,10,824.78,2,60.701425,False,SINTEF VRPTW 100 customers
C104,nearest_neighbor,typed_action_rules,typed_action_rules,nearest_neighbor+typed_action_rules,10,1439.768364,True,0,2.635800,True,True,True,10,824.78,0,74.563928,True,SINTEF VRPTW 100 customers
C104,nearest_neighbor,typed_diagnostics_only,typed_diagnostics_only,nearest_neighbor+typed_diagnostics_only,12,1325.433211,True,0,8.651238,True,False,False,10,824.78,2,60.701425,False,SINTEF VRPTW 100 customers
C105,nearest_neighbor,binary_feasibility_only,binary_feasibility_only,nearest_neighbor+binary_feasibility_only,14,1616.431562,True,0,11.681280,False,False,False,10,828.94,4,94.999827,False,SINTEF VRPTW 100 customers
C105,nearest_neighbor,typed_action_rules,typed_action_rules,nearest_neighbor+typed_action_rules,11,1044.223197,True,0,1.875542,True,True,True,10,828.94,1,25.970902,False,SINTEF VRPTW 100 customers
C105,nearest_neighbor,typed_diagnostics_only,typed_diagnostics_only,nearest_neighbor+typed_diagnostics_only,14,1616.431562,True,0,11.627117,True,False,False,10,828.94,4,94.999827,False,SINTEF VRPTW 100 customers
C106,nearest_neighbor,binary_feasibility_only,binary_feasibility_only,nearest_neighbor+binary_feasibility_only,14,1453.941903,True,0,10.342505,False,False,False,10,828.94,4,75.397725,False,SINTEF VRPTW 100 customers
C106,nearest_neighbor,typed_action_rules,typed_action_rules,nearest_neighbor+typed_action_rules,11,1259.598777,True,0,1.544503,True,True,True,10,828.94,1,51.952949,False,SINTEF VRPTW 100 customers
C106,nearest_neighbor,typed_diagnostics_only,typed_diagnostics_only,nearest_neighbor+typed_diagnostics_only,14,1453.941903,True,0,10.357296,True,False,False,10,828.94,4,75.397725,False,SINTEF VRPTW 100 customers
C107,nearest_neighbor,binary_feasibility_only,binary_feasibility_only,nearest_neighbor+binary_feasibility_only,13,1493.719797,True,0,11.371839,False,False,False,10,828.94,3,80.196371,False,SINTEF VRPTW 100 customers
C107,nearest_neighbor,typed_action_rules,typed_action_rules,nearest_neighbor+typed_action_rules,12,1441.927019,True,0,6.720912,True,True,True,10,828.94,2,73.948298,False,SINTEF VRPTW 100 customers
C107,nearest_neighbor,typed_diagnostics_only,typed_diagnostics_only,nearest_neighbor+typed_diagnostics_only,13,1493.719797,True,0,11.344638,True,False,False,10,828.94,3,80.196371,False,SINTEF VRPTW 100 customers
C108,nearest_neighbor,binary_feasibility_only,binary_feasibility_only,nearest_neighbor+binary_feasibility_only,15,1683.011513,True,0,11.904760,False,False,False,10,828.94,5,103.031765,False,SINTEF VRPTW 100 customers
C108,nearest_neighbor,typed_action_rules,typed_action_rules,nearest_neighbor+typed_action_rules,11,1554.592767,True,0,6.122580,True,True,True,10,828.94,1,87.539842,False,SINTEF VRPTW 100 customers
C108,nearest_neighbor,typed_diagnostics_only,typed_diagnostics_only,nearest_neighbor+typed_diagnostics_only,15,1683.011513,True,0,11.920277,True,False,False,10,828.94,5,103.031765,False,SINTEF VRPTW 100 customers
C109,nearest_neighbor,binary_feasibility_only,binary_feasibility_only,nearest_neighbor+binary_feasibility_only,13,1485.846653,True,0,7.800493,False,False,False,10,828.94,3,79.246586,False,SINTEF VRPTW 100 customers
C109,nearest_neighbor,typed_action_rules,typed_action_rules,nearest_neighbor+typed_action_rules,11,1435.160207,True,0,4.825382,True,True,True,10,828.94,1,73.131977,False,SINTEF VRPTW 100 customers
C109,nearest_neighbor,typed_diagnostics_only,typed_diagnostics_only,nearest_neighbor+typed_diagnostics_only,13,1485.846653,True,0,7.760260,True,False,False,10,828.94,3,79.246586,False,SINTEF VRPTW 100 customers
C201,nearest_neighbor,binary_feasibility_only,binary_feasibility_only,nearest_neighbor+binary_feasibility_only,6,1169.105295,True,0,6.945110,False,False,False,3,591.56,3,97.630890,False,SINTEF VRPTW 100 customers
C201,nearest_neighbor,typed_action_rules,typed_action_rules,nearest_neighbor+typed_action_rules,4,867.666890,True,0,2.848088,True,True,True,3,591.56,1,46.674368,False,SINTEF VRPTW 100 customers
C201,nearest_neighbor,typed_diagnostics_only,typed_diagnostics_only,nearest_neighbor+typed_diagnostics_only,6,1169.105295,True,0,6.937081,True,False,False,3,591.56,3,97.630890,False,SINTEF VRPTW 100 customers
C202,nearest_neighbor,binary_feasibility_only,binary_feasibility_only,nearest_neighbor+binary_feasibility_only,6,1210.004489,True,0,10.925836,False,False,False,3,591.56,3,104.544677,False,SINTEF VRPTW 100 customers
C202,nearest_neighbor,typed_action_rules,typed_action_rules,nearest_neighbor+typed_action_rules,4,916.335131,True,0,2.815544,True,True,True,3,591.56,1,54.901469,False,SINTEF VRPTW 100 customers
C202,nearest_neighbor,typed_diagnostics_only,typed_diagnostics_only,nearest_neighbor+typed_diagnostics_only,6,1210.004489,True,0,10.907533,True,False,False,3,591.56,3,104.544677,False,SINTEF VRPTW 100 customers
C203,nearest_neighbor,binary_feasibility_only,binary_feasibility_only,nearest_neighbor+binary_feasibility_only,5,1134.060168,True,0,6.903486,False,False,False,3,591.17,2,91.833173,False,SINTEF VRPTW 100 customers
C203,nearest_neighbor,typed_action_rules,typed_action_rules,nearest_neighbor+typed_action_rules,4,1182.427083,True,0,4.762249,True,True,True,3,591.17,1,100.014731,False,SINTEF VRPTW 100 customers
C203,nearest_neighbor,typed_diagnostics_only,typed_diagnostics_only,nearest_neighbor+typed_diagnostics_only,5,1134.060168,True,0,6.896204,True,False,False,3,591.17,2,91.833173,False,SINTEF VRPTW 100 customers
C204,nearest_neighbor,binary_feasibility_only,binary_feasibility_only,nearest_neighbor+binary_feasibility_only,5,1117.280564,True,0,17.841945,False,False,False,3,590.60,2,89.177204,False,SINTEF VRPTW 100 customers
C204,nearest_neighbor,typed_action_rules,typed_action_rules,nearest_neighbor+typed_action_rules,4,1048.994556,True,0,6.089465,True,True,True,3,590.60,1,77.615062,False,SINTEF VRPTW 100 customers
C204,nearest_neighbor,typed_diagnostics_only,typed_diagnostics_only,nearest_neighbor+typed_diagnostics_only,5,1117.280564,True,0,17.864281,True,False,False,3,590.60,2,89.177204,False,SINTEF VRPTW 100 customers
C205,nearest_neighbor,binary_feasibility_only,binary_feasibility_only,nearest_neighbor+binary_feasibility_only,6,1264.533808,True,0,8.579087,False,False,False,3,588.88,3,114.735397,False,SINTEF VRPTW 100 customers
C205,nearest_neighbor,typed_action_rules,typed_action_rules,nearest_neighbor+typed_action_rules,4,846.605023,True,0,3.607847,True,True,True,3,588.88,1,43.765287,False,SINTEF VRPTW 100 customers
C205,nearest_neighbor,typed_diagnostics_only,typed_diagnostics_only,nearest_neighbor+typed_diagnostics_only,6,1264.533808,True,0,8.542534,True,False,False,3,588.88,3,114.735397,False,SINTEF VRPTW 100 customers
C206,nearest_neighbor,binary_feasibility_only,binary_feasibility_only,nearest_neighbor+binary_feasibility_only,5,1025.010994,True,0,4.505534,False,False,False,3,588.49,2,74.176451,False,SINTEF VRPTW 100 customers
C206,nearest_neighbor,typed_action_rules,typed_action_rules,nearest_neighbor+typed_action_rules,4,984.344722,True,0,1.922636,True,True,True,3,588.49,1,67.266176,False,SINTEF VRPTW 100 customers
C206,nearest_neighbor,typed_diagnostics_only,typed_diagnostics_only,nearest_neighbor+typed_diagnostics_only,5,1025.010994,True,0,4.505653,True,False,False,3,588.49,2,74.176451,False,SINTEF VRPTW 100 customers
C207,nearest_neighbor,binary_feasibility_only,binary_feasibility_only,nearest_neighbor+binary_feasibility_only,5,1046.098519,True,0,8.911367,False,False,False,3,588.29,2,77.820211,False,SINTEF VRPTW 100 customers
C207,nearest_neighbor,typed_action_rules,typed_action_rules,nearest_neighbor+typed_action_rules,4,927.261921,True,0,4.204483,True,True,True,3,588.29,1,57.619868,False,SINTEF VRPTW 100 customers
C207,nearest_neighbor,typed_diagnostics_only,typed_diagnostics_only,nearest_neighbor+typed_diagnostics_only,5,1046.098519,True,0,8.969675,True,False,False,3,588.29,2,77.820211,False,SINTEF VRPTW 100 customers
C208,nearest_neighbor,binary_feasibility_only,binary_feasibility_only,nearest_neighbor+binary_feasibility_only,5,1011.468802,True,0,7.137328,False,False,False,3,588.32,2,71.924939,False,SINTEF VRPTW 100 customers
C208,nearest_neighbor,typed_action_rules,typed_action_rules,nearest_neighbor+typed_action_rules,3,974.179209,True,0,0.740311,True,True,True,3,588.32,0,65.586621,True,SINTEF VRPTW 100 customers
C208,nearest_neighbor,typed_diagnostics_only,typed_diagnostics_only,nearest_neighbor+typed_diagnostics_only,5,1011.468802,True,0,7.085350,True,False,False,3,588.32,2,71.924939,False,SINTEF VRPTW 100 customers
R101,nearest_neighbor,binary_feasibility_only,binary_feasibility_only,nearest_neighbor+binary_feasibility_only,25,2107.697840,True,0,10.772570,False,False,False,19,1650.80,6,27.677359,False,SINTEF VRPTW 100 customers
R101,nearest_neighbor,typed_action_rules,typed_action_rules,nearest_neighbor+typed_action_rules,22,1949.386270,True,0,6.508455,True,True,True,19,1650.80,3,18.087368,False,SINTEF VRPTW 100 customers
R101,nearest_neighbor,typed_diagnostics_only,typed_diagnostics_only,nearest_neighbor+typed_diagnostics_only,25,2107.697840,True,0,10.799718,True,False,False,19,1650.80,6,27.677359,False,SINTEF VRPTW 100 customers
R102,nearest_neighbor,binary_feasibility_only,binary_feasibility_only,nearest_neighbor+binary_feasibility_only,21,1819.120162,True,0,15.443336,False,False,False,17,1486.12,4,22.407354,False,SINTEF VRPTW 100 customers
R102,nearest_neighbor,typed_action_rules,typed_action_rules,nearest_neighbor+typed_action_rules,19,1713.129531,True,0,11.204370,True,True,True,17,1486.12,2,15.275316,False,SINTEF VRPTW 100 customers
R102,nearest_neighbor,typed_diagnostics_only,typed_diagnostics_only,nearest_neighbor+typed_diagnostics_only,21,1819.120162,True,0,15.442816,True,False,False,17,1486.12,4,22.407354,False,SINTEF VRPTW 100 customers
R103,nearest_neighbor,binary_feasibility_only,binary_feasibility_only,nearest_neighbor+binary_feasibility_only,17,1567.026632,True,0,15.490923,False,False,False,13,1292.68,4,21.223089,False,SINTEF VRPTW 100 customers
R103,nearest_neighbor,typed_action_rules,typed_action_rules,nearest_neighbor+typed_action_rules,15,1609.009570,True,0,5.538555,True,True,True,13,1292.68,2,24.470833,False,SINTEF VRPTW 100 customers
R103,nearest_neighbor,typed_diagnostics_only,typed_diagnostics_only,nearest_neighbor+typed_diagnostics_only,17,1567.026632,True,0,15.466074,True,False,False,13,1292.68,4,21.223089,False,SINTEF VRPTW 100 customers
R104,nearest_neighbor,binary_feasibility_only,binary_feasibility_only,nearest_neighbor+binary_feasibility_only,13,1329.105109,True,0,8.085466,False,False,False,9,1007.31,4,31.945986,False,SINTEF VRPTW 100 customers
R104,nearest_neighbor,typed_action_rules,typed_action_rules,nearest_neighbor+typed_action_rules,11,1223.784051,True,0,6.758934,True,True,True,9,1007.31,2,21.490311,False,SINTEF VRPTW 100 customers
R104,nearest_neighbor,typed_diagnostics_only,typed_diagnostics_only,nearest_neighbor+typed_diagnostics_only,13,1329.105109,True,0,8.055410,True,False,False,9,1007.31,4,31.945986,False,SINTEF VRPTW 100 customers
R105,nearest_neighbor,binary_feasibility_only,binary_feasibility_only,nearest_neighbor+binary_feasibility_only,19,1740.270297,True,0,13.305853,False,False,False,14,1377.11,5,26.371190,False,SINTEF VRPTW 100 customers
R105,nearest_neighbor,typed_action_rules,typed_action_rules,nearest_neighbor+typed_action_rules,17,1630.795415,True,0,8.559688,True,True,True,14,1377.11,3,18.421580,False,SINTEF VRPTW 100 customers
R105,nearest_neighbor,typed_diagnostics_only,typed_diagnostics_only,nearest_neighbor+typed_diagnostics_only,19,1740.270297,True,0,13.181977,True,False,False,14,1377.11,5,26.371190,False,SINTEF VRPTW 100 customers
R106,nearest_neighbor,binary_feasibility_only,binary_feasibility_only,nearest_neighbor+binary_feasibility_only,16,1727.566295,True,0,11.514608,False,False,False,12,1252.03,4,37.981222,False,SINTEF VRPTW 100 customers
R106,nearest_neighbor,typed_action_rules,typed_action_rules,nearest_neighbor+typed_action_rules,16,1742.064430,True,0,5.230944,True,True,True,12,1252.03,4,39.139192,False,SINTEF VRPTW 100 customers
R106,nearest_neighbor,typed_diagnostics_only,typed_diagnostics_only,nearest_neighbor+typed_diagnostics_only,16,1727.566295,True,0,11.448245,True,False,False,12,1252.03,4,37.981222,False,SINTEF VRPTW 100 customers
R107,nearest_neighbor,binary_feasibility_only,binary_feasibility_only,nearest_neighbor+binary_feasibility_only,14,1472.849069,True,0,7.910522,False,False,False,10,1104.66,4,33.330533,False,SINTEF VRPTW 100 customers
R107,nearest_neighbor,typed_action_rules,typed_action_rules,nearest_neighbor+typed_action_rules,13,1401.737516,True,0,7.131380,True,True,True,10,1104.66,3,26.893118,False,SINTEF VRPTW 100 customers
R107,nearest_neighbor,typed_diagnostics_only,typed_diagnostics_only,nearest_neighbor+typed_diagnostics_only,14,1472.849069,True,0,7.875258,True,False,False,10,1104.66,4,33.330533,False,SINTEF VRPTW 100 customers
R108,nearest_neighbor,binary_feasibility_only,binary_feasibility_only,nearest_neighbor+binary_feasibility_only,13,1320.690099,True,0,11.823547,False,False,False,9,960.88,4,37.445893,False,SINTEF VRPTW 100 customers
R108,nearest_neighbor,typed_action_rules,typed_action_rules,nearest_neighbor+typed_action_rules,11,1311.921639,True,0,3.220678,True,True,True,9,960.88,2,36.533348,False,SINTEF VRPTW 100 customers
R108,nearest_neighbor,typed_diagnostics_only,typed_diagnostics_only,nearest_neighbor+typed_diagnostics_only,13,1320.690099,True,0,11.880526,True,False,False,9,960.88,4,37.445893,False,SINTEF VRPTW 100 customers
R109,nearest_neighbor,binary_feasibility_only,binary_feasibility_only,nearest_neighbor+binary_feasibility_only,17,1529.215640,True,0,6.081540,False,False,False,11,1194.73,6,27.996756,False,SINTEF VRPTW 100 customers
R109,nearest_neighbor,typed_action_rules,typed_action_rules,nearest_neighbor+typed_action_rules,14,1477.529637,True,0,1.881495,True,True,True,11,1194.73,3,23.670590,False,SINTEF VRPTW 100 customers
R109,nearest_neighbor,typed_diagnostics_only,typed_diagnostics_only,nearest_neighbor+typed_diagnostics_only,17,1529.215640,True,0,6.040466,True,False,False,11,1194.73,6,27.996756,False,SINTEF VRPTW 100 customers
R110,nearest_neighbor,binary_feasibility_only,binary_feasibility_only,nearest_neighbor+binary_feasibility_only,14,1461.786630,True,0,11.324587,False,False,False,10,1118.84,4,30.651982,False,SINTEF VRPTW 100 customers
R110,nearest_neighbor,typed_action_rules,typed_action_rules,nearest_neighbor+typed_action_rules,13,1404.851087,True,0,5.765316,True,True,True,10,1118.84,3,25.563180,False,SINTEF VRPTW 100 customers
R110,nearest_neighbor,typed_diagnostics_only,typed_diagnostics_only,nearest_neighbor+typed_diagnostics_only,14,1461.786630,True,0,11.325750,True,False,False,10,1118.84,4,30.651982,False,SINTEF VRPTW 100 customers
R111,nearest_neighbor,binary_feasibility_only,binary_feasibility_only,nearest_neighbor+binary_feasibility_only,16,1435.745710,True,0,10.834853,False,False,False,10,1096.73,6,30.911501,False,SINTEF VRPTW 100 customers
R111,nearest_neighbor,typed_action_rules,typed_action_rules,nearest_neighbor+typed_action_rules,13,1343.574821,True,0,7.941606,True,True,True,10,1096.73,3,22.507346,False,SINTEF VRPTW 100 customers
R111,nearest_neighbor,typed_diagnostics_only,typed_diagnostics_only,nearest_neighbor+typed_diagnostics_only,16,1435.745710,True,0,10.813820,True,False,False,10,1096.73,6,30.911501,False,SINTEF VRPTW 100 customers
R112,nearest_neighbor,binary_feasibility_only,binary_feasibility_only,nearest_neighbor+binary_feasibility_only,13,1267.782521,True,0,6.402130,False,False,False,9,982.14,4,29.083687,False,SINTEF VRPTW 100 customers
R112,nearest_neighbor,typed_action_rules,typed_action_rules,nearest_neighbor+typed_action_rules,12,1196.990368,True,0,4.734464,True,True,True,9,982.14,3,21.875737,False,SINTEF VRPTW 100 customers
R112,nearest_neighbor,typed_diagnostics_only,typed_diagnostics_only,nearest_neighbor+typed_diagnostics_only,13,1267.782521,True,0,6.387596,True,False,False,9,982.14,4,29.083687,False,SINTEF VRPTW 100 customers
R201,nearest_neighbor,binary_feasibility_only,binary_feasibility_only,nearest_neighbor+binary_feasibility_only,6,1689.429766,True,0,9.602048,False,False,False,4,1252.37,2,34.898614,False,SINTEF VRPTW 100 customers
R201,nearest_neighbor,typed_action_rules,typed_action_rules,nearest_neighbor+typed_action_rules,5,1611.790288,True,0,6.414759,True,True,True,4,1252.37,1,28.699209,False,SINTEF VRPTW 100 customers
R201,nearest_neighbor,typed_diagnostics_only,typed_diagnostics_only,nearest_neighbor+typed_diagnostics_only,6,1689.429766,True,0,9.563115,True,False,False,4,1252.37,2,34.898614,False,SINTEF VRPTW 100 customers
R202,nearest_neighbor,binary_feasibility_only,binary_feasibility_only,nearest_neighbor+binary_feasibility_only,7,1363.384441,True,0,12.357819,False,False,False,3,1191.70,4,14.406683,False,SINTEF VRPTW 100 customers
R202,nearest_neighbor,typed_action_rules,typed_action_rules,nearest_neighbor+typed_action_rules,4,1303.974642,True,0,6.238141,True,True,True,3,1191.70,1,9.421385,False,SINTEF VRPTW 100 customers
R202,nearest_neighbor,typed_diagnostics_only,typed_diagnostics_only,nearest_neighbor+typed_diagnostics_only,7,1363.384441,True,0,12.341694,True,False,False,3,1191.70,4,14.406683,False,SINTEF VRPTW 100 customers
R203,nearest_neighbor,binary_feasibility_only,binary_feasibility_only,nearest_neighbor+binary_feasibility_only,4,1257.698348,True,0,12.498816,False,False,False,3,939.50,1,33.868903,False,SINTEF VRPTW 100 customers
R203,nearest_neighbor,typed_action_rules,typed_action_rules,nearest_neighbor+typed_action_rules,3,1333.267123,True,0,4.467061,True,True,True,3,939.50,0,41.912413,True,SINTEF VRPTW 100 customers
R203,nearest_neighbor,typed_diagnostics_only,typed_diagnostics_only,nearest_neighbor+typed_diagnostics_only,4,1257.698348,True,0,12.332080,True,False,False,3,939.50,1,33.868903,False,SINTEF VRPTW 100 customers
R204,nearest_neighbor,binary_feasibility_only,binary_feasibility_only,nearest_neighbor+binary_feasibility_only,4,1088.114969,True,0,16.862677,False,False,False,2,825.52,2,31.809643,False,SINTEF VRPTW 100 customers
R204,nearest_neighbor,typed_action_rules,typed_action_rules,nearest_neighbor+typed_action_rules,3,1071.877661,True,0,2.276987,True,True,True,2,825.52,1,29.842725,False,SINTEF VRPTW 100 customers
R204,nearest_neighbor,typed_diagnostics_only,typed_diagnostics_only,nearest_neighbor+typed_diagnostics_only,4,1088.114969,True,0,16.837897,True,False,False,2,825.52,2,31.809643,False,SINTEF VRPTW 100 customers
R205,nearest_neighbor,binary_feasibility_only,binary_feasibility_only,nearest_neighbor+binary_feasibility_only,4,1451.156783,True,0,2.534479,False,False,False,3,994.43,1,45.928500,False,SINTEF VRPTW 100 customers
R205,nearest_neighbor,typed_action_rules,typed_action_rules,nearest_neighbor+typed_action_rules,4,1451.156783,True,0,2.588326,True,True,True,3,994.43,1,45.928500,False,SINTEF VRPTW 100 customers
R205,nearest_neighbor,typed_diagnostics_only,typed_diagnostics_only,nearest_neighbor+typed_diagnostics_only,4,1451.156783,True,0,2.535418,True,False,False,3,994.43,1,45.928500,False,SINTEF VRPTW 100 customers
R206,nearest_neighbor,binary_feasibility_only,binary_feasibility_only,nearest_neighbor+binary_feasibility_only,4,1227.366819,True,0,8.357212,False,False,False,3,906.14,1,35.450021,False,SINTEF VRPTW 100 customers
R206,nearest_neighbor,typed_action_rules,typed_action_rules,nearest_neighbor+typed_action_rules,3,1276.088931,True,0,2.221097,True,True,True,3,906.14,0,40.826907,True,SINTEF VRPTW 100 customers
R206,nearest_neighbor,typed_diagnostics_only,typed_diagnostics_only,nearest_neighbor+typed_diagnostics_only,4,1227.366819,True,0,8.357874,True,False,False,3,906.14,1,35.450021,False,SINTEF VRPTW 100 customers
R207,nearest_neighbor,binary_feasibility_only,binary_feasibility_only,nearest_neighbor+binary_feasibility_only,4,1267.526798,True,0,9.435758,False,False,False,2,890.61,2,42.321195,False,SINTEF VRPTW 100 customers
R207,nearest_neighbor,typed_action_rules,typed_action_rules,nearest_neighbor+typed_action_rules,3,1233.194265,True,0,4.123955,True,True,True,2,890.61,1,38.466250,False,SINTEF VRPTW 100 customers
R207,nearest_neighbor,typed_diagnostics_only,typed_diagnostics_only,nearest_neighbor+typed_diagnostics_only,4,1267.526798,True,0,9.466827,True,False,False,2,890.61,2,42.321195,False,SINTEF VRPTW 100 customers
R208,nearest_neighbor,binary_feasibility_only,binary_feasibility_only,nearest_neighbor+binary_feasibility_only,3,981.260004,True,0,9.021254,False,False,False,2,726.82,1,35.007293,False,SINTEF VRPTW 100 customers
R208,nearest_neighbor,typed_action_rules,typed_action_rules,nearest_neighbor+typed_action_rules,3,981.260004,True,0,9.109583,True,True,True,2,726.82,1,35.007293,False,SINTEF VRPTW 100 customers
R208,nearest_neighbor,typed_diagnostics_only,typed_diagnostics_only,nearest_neighbor+typed_diagnostics_only,3,981.260004,True,0,8.995090,True,False,False,2,726.82,1,35.007293,False,SINTEF VRPTW 100 customers
R209,nearest_neighbor,binary_feasibility_only,binary_feasibility_only,nearest_neighbor+binary_feasibility_only,5,1212.996138,True,0,9.844022,False,False,False,3,909.16,2,33.419435,False,SINTEF VRPTW 100 customers
R209,nearest_neighbor,typed_action_rules,typed_action_rules,nearest_neighbor+typed_action_rules,4,1299.004757,True,0,4.449666,True,True,True,3,909.16,1,42.879664,False,SINTEF VRPTW 100 customers
R209,nearest_neighbor,typed_diagnostics_only,typed_diagnostics_only,nearest_neighbor+typed_diagnostics_only,5,1212.996138,True,0,9.862427,True,False,False,3,909.16,2,33.419435,False,SINTEF VRPTW 100 customers
R210,nearest_neighbor,binary_feasibility_only,binary_feasibility_only,nearest_neighbor+binary_feasibility_only,5,1165.178909,True,0,13.129376,False,False,False,3,939.37,2,24.038335,False,SINTEF VRPTW 100 customers
R210,nearest_neighbor,typed_action_rules,typed_action_rules,nearest_neighbor+typed_action_rules,4,1077.880109,True,0,5.539501,True,True,True,3,939.37,1,14.745000,False,SINTEF VRPTW 100 customers
R210,nearest_neighbor,typed_diagnostics_only,typed_diagnostics_only,nearest_neighbor+typed_diagnostics_only,5,1165.178909,True,0,13.161202,True,False,False,3,939.37,2,24.038335,False,SINTEF VRPTW 100 customers
R211,nearest_neighbor,binary_feasibility_only,binary_feasibility_only,nearest_neighbor+binary_feasibility_only,4,985.182879,True,0,4.353632,False,False,False,2,885.71,2,11.230863,False,SINTEF VRPTW 100 customers
R211,nearest_neighbor,typed_action_rules,typed_action_rules,nearest_neighbor+typed_action_rules,3,1046.083378,True,0,2.181399,True,True,True,2,885.71,1,18.106759,False,SINTEF VRPTW 100 customers
R211,nearest_neighbor,typed_diagnostics_only,typed_diagnostics_only,nearest_neighbor+typed_diagnostics_only,4,985.182879,True,0,4.353074,True,False,False,2,885.71,2,11.230863,False,SINTEF VRPTW 100 customers
RC101,nearest_neighbor,binary_feasibility_only,binary_feasibility_only,nearest_neighbor+binary_feasibility_only,22,2363.674499,True,0,11.395581,False,False,False,14,1696.95,8,39.289578,False,SINTEF VRPTW 100 customers
RC101,nearest_neighbor,typed_action_rules,typed_action_rules,nearest_neighbor+typed_action_rules,18,2057.430411,True,0,4.749574,True,True,True,14,1696.95,4,21.242842,False,SINTEF VRPTW 100 customers
RC101,nearest_neighbor,typed_diagnostics_only,typed_diagnostics_only,nearest_neighbor+typed_diagnostics_only,22,2363.674499,True,0,11.411491,True,False,False,14,1696.95,8,39.289578,False,SINTEF VRPTW 100 customers
RC102,nearest_neighbor,binary_feasibility_only,binary_feasibility_only,nearest_neighbor+binary_feasibility_only,17,2022.252999,True,0,11.713784,False,False,False,12,1554.75,5,30.069336,False,SINTEF VRPTW 100 customers
RC102,nearest_neighbor,typed_action_rules,typed_action_rules,nearest_neighbor+typed_action_rules,16,1884.349481,True,0,4.926104,True,True,True,12,1554.75,4,21.199516,False,SINTEF VRPTW 100 customers
RC102,nearest_neighbor,typed_diagnostics_only,typed_diagnostics_only,nearest_neighbor+typed_diagnostics_only,17,2022.252999,True,0,11.765200,True,False,False,12,1554.75,5,30.069336,False,SINTEF VRPTW 100 customers
RC103,nearest_neighbor,binary_feasibility_only,binary_feasibility_only,nearest_neighbor+binary_feasibility_only,15,1894.643666,True,0,10.178879,False,False,False,11,1261.67,4,50.169511,False,SINTEF VRPTW 100 customers
RC103,nearest_neighbor,typed_action_rules,typed_action_rules,nearest_neighbor+typed_action_rules,14,1797.662575,True,0,2.823687,True,True,True,11,1261.67,3,42.482787,False,SINTEF VRPTW 100 customers
RC103,nearest_neighbor,typed_diagnostics_only,typed_diagnostics_only,nearest_neighbor+typed_diagnostics_only,15,1894.643666,True,0,10.160008,True,False,False,11,1261.67,4,50.169511,False,SINTEF VRPTW 100 customers
RC104,nearest_neighbor,binary_feasibility_only,binary_feasibility_only,nearest_neighbor+binary_feasibility_only,14,1508.683478,True,0,13.266497,False,False,False,10,1135.48,4,32.867464,False,SINTEF VRPTW 100 customers
RC104,nearest_neighbor,typed_action_rules,typed_action_rules,nearest_neighbor+typed_action_rules,12,1467.671730,True,0,2.590475,True,True,True,10,1135.48,2,29.255621,False,SINTEF VRPTW 100 customers
RC104,nearest_neighbor,typed_diagnostics_only,typed_diagnostics_only,nearest_neighbor+typed_diagnostics_only,14,1508.683478,True,0,13.261048,True,False,False,10,1135.48,4,32.867464,False,SINTEF VRPTW 100 customers
RC105,nearest_neighbor,binary_feasibility_only,binary_feasibility_only,nearest_neighbor+binary_feasibility_only,20,2206.837641,True,0,13.440003,False,False,False,13,1629.44,7,35.435342,False,SINTEF VRPTW 100 customers
RC105,nearest_neighbor,typed_action_rules,typed_action_rules,nearest_neighbor+typed_action_rules,18,2034.984890,True,0,7.337864,True,True,True,13,1629.44,5,24.888605,False,SINTEF VRPTW 100 customers
RC105,nearest_neighbor,typed_diagnostics_only,typed_diagnostics_only,nearest_neighbor+typed_diagnostics_only,20,2206.837641,True,0,13.320397,True,False,False,13,1629.44,7,35.435342,False,SINTEF VRPTW 100 customers
RC106,nearest_neighbor,binary_feasibility_only,binary_feasibility_only,nearest_neighbor+binary_feasibility_only,17,1908.101743,True,0,12.606016,False,False,False,11,1424.73,6,33.927252,False,SINTEF VRPTW 100 customers
RC106,nearest_neighbor,typed_action_rules,typed_action_rules,nearest_neighbor+typed_action_rules,15,1696.272823,True,0,3.968440,True,True,True,11,1424.73,4,19.059248,False,SINTEF VRPTW 100 customers
RC106,nearest_neighbor,typed_diagnostics_only,typed_diagnostics_only,nearest_neighbor+typed_diagnostics_only,17,1908.101743,True,0,12.582331,True,False,False,11,1424.73,6,33.927252,False,SINTEF VRPTW 100 customers
RC107,nearest_neighbor,binary_feasibility_only,binary_feasibility_only,nearest_neighbor+binary_feasibility_only,15,1617.951929,True,0,10.693906,False,False,False,11,1230.48,4,31.489494,False,SINTEF VRPTW 100 customers
RC107,nearest_neighbor,typed_action_rules,typed_action_rules,nearest_neighbor+typed_action_rules,13,1645.991347,True,0,2.693410,True,True,True,11,1230.48,2,33.768232,False,SINTEF VRPTW 100 customers
RC107,nearest_neighbor,typed_diagnostics_only,typed_diagnostics_only,nearest_neighbor+typed_diagnostics_only,15,1617.951929,True,0,10.685674,True,False,False,11,1230.48,4,31.489494,False,SINTEF VRPTW 100 customers
RC108,nearest_neighbor,binary_feasibility_only,binary_feasibility_only,nearest_neighbor+binary_feasibility_only,14,1636.898474,True,0,10.788762,False,False,False,10,1139.82,4,43.610261,False,SINTEF VRPTW 100 customers
RC108,nearest_neighbor,typed_action_rules,typed_action_rules,nearest_neighbor+typed_action_rules,13,1484.173656,True,0,4.636786,True,True,True,10,1139.82,3,30.211231,False,SINTEF VRPTW 100 customers
RC108,nearest_neighbor,typed_diagnostics_only,typed_diagnostics_only,nearest_neighbor+typed_diagnostics_only,14,1636.898474,True,0,10.635812,True,False,False,10,1139.82,4,43.610261,False,SINTEF VRPTW 100 customers
RC201,nearest_neighbor,binary_feasibility_only,binary_feasibility_only,nearest_neighbor+binary_feasibility_only,7,2019.745821,True,0,8.977948,False,False,False,4,1406.94,3,43.555931,False,SINTEF VRPTW 100 customers
RC201,nearest_neighbor,typed_action_rules,typed_action_rules,nearest_neighbor+typed_action_rules,5,1910.064392,True,0,3.035905,True,True,True,4,1406.94,1,35.760188,False,SINTEF VRPTW 100 customers
RC201,nearest_neighbor,typed_diagnostics_only,typed_diagnostics_only,nearest_neighbor+typed_diagnostics_only,7,2019.745821,True,0,8.960054,True,False,False,4,1406.94,3,43.555931,False,SINTEF VRPTW 100 customers
RC202,nearest_neighbor,binary_feasibility_only,binary_feasibility_only,nearest_neighbor+binary_feasibility_only,6,1681.008863,True,0,5.534289,False,False,False,3,1365.65,3,23.092217,False,SINTEF VRPTW 100 customers
RC202,nearest_neighbor,typed_action_rules,typed_action_rules,nearest_neighbor+typed_action_rules,5,1623.996992,True,0,5.857103,True,True,True,3,1365.65,2,18.917511,False,SINTEF VRPTW 100 customers
RC202,nearest_neighbor,typed_diagnostics_only,typed_diagnostics_only,nearest_neighbor+typed_diagnostics_only,6,1681.008863,True,0,5.539472,True,False,False,3,1365.65,3,23.092217,False,SINTEF VRPTW 100 customers
RC203,nearest_neighbor,binary_feasibility_only,binary_feasibility_only,nearest_neighbor+binary_feasibility_only,6,1566.758155,True,0,11.606431,False,False,False,3,1049.62,3,49.269084,False,SINTEF VRPTW 100 customers
RC203,nearest_neighbor,typed_action_rules,typed_action_rules,nearest_neighbor+typed_action_rules,3,1549.865965,True,0,1.359772,True,True,True,3,1049.62,0,47.659721,True,SINTEF VRPTW 100 customers
RC203,nearest_neighbor,typed_diagnostics_only,typed_diagnostics_only,nearest_neighbor+typed_diagnostics_only,6,1566.758155,True,0,11.596197,True,False,False,3,1049.62,3,49.269084,False,SINTEF VRPTW 100 customers
RC204,nearest_neighbor,binary_feasibility_only,binary_feasibility_only,nearest_neighbor+binary_feasibility_only,5,1128.688672,True,0,18.984656,False,False,False,3,798.46,2,41.358199,False,SINTEF VRPTW 100 customers
RC204,nearest_neighbor,typed_action_rules,typed_action_rules,nearest_neighbor+typed_action_rules,3,1026.073685,True,0,2.292604,True,True,True,3,798.46,0,28.506586,True,SINTEF VRPTW 100 customers
RC204,nearest_neighbor,typed_diagnostics_only,typed_diagnostics_only,nearest_neighbor+typed_diagnostics_only,5,1128.688672,True,0,18.962962,True,False,False,3,798.46,2,41.358199,False,SINTEF VRPTW 100 customers
RC205,nearest_neighbor,binary_feasibility_only,binary_feasibility_only,nearest_neighbor+binary_feasibility_only,8,1861.799133,True,0,13.247684,False,False,False,4,1297.65,4,43.474676,False,SINTEF VRPTW 100 customers
RC205,nearest_neighbor,typed_action_rules,typed_action_rules,nearest_neighbor+typed_action_rules,5,1562.642528,True,0,4.507132,True,True,True,4,1297.65,1,20.420955,False,SINTEF VRPTW 100 customers
RC205,nearest_neighbor,typed_diagnostics_only,typed_diagnostics_only,nearest_neighbor+typed_diagnostics_only,8,1861.799133,True,0,13.229633,True,False,False,4,1297.65,4,43.474676,False,SINTEF VRPTW 100 customers
RC206,nearest_neighbor,binary_feasibility_only,binary_feasibility_only,nearest_neighbor+binary_feasibility_only,5,1592.407710,True,0,11.390388,False,False,False,3,1146.32,2,38.914763,False,SINTEF VRPTW 100 customers
RC206,nearest_neighbor,typed_action_rules,typed_action_rules,nearest_neighbor+typed_action_rules,4,1670.538251,True,0,1.981023,True,True,True,3,1146.32,1,45.730533,False,SINTEF VRPTW 100 customers
RC206,nearest_neighbor,typed_diagnostics_only,typed_diagnostics_only,nearest_neighbor+typed_diagnostics_only,5,1592.407710,True,0,11.431769,True,False,False,3,1146.32,2,38.914763,False,SINTEF VRPTW 100 customers
RC207,nearest_neighbor,binary_feasibility_only,binary_feasibility_only,nearest_neighbor+binary_feasibility_only,6,1506.391281,True,0,15.787325,False,False,False,3,1061.14,3,41.959711,False,SINTEF VRPTW 100 customers
RC207,nearest_neighbor,typed_action_rules,typed_action_rules,nearest_neighbor+typed_action_rules,4,1573.719939,True,0,3.625098,True,True,True,3,1061.14,1,48.304648,False,SINTEF VRPTW 100 customers
RC207,nearest_neighbor,typed_diagnostics_only,typed_diagnostics_only,nearest_neighbor+typed_diagnostics_only,6,1506.391281,True,0,15.912124,True,False,False,3,1061.14,3,41.959711,False,SINTEF VRPTW 100 customers
RC208,nearest_neighbor,binary_feasibility_only,binary_feasibility_only,nearest_neighbor+binary_feasibility_only,4,1248.838894,True,0,3.399925,False,False,False,3,828.14,1,50.800456,False,SINTEF VRPTW 100 customers
RC208,nearest_neighbor,typed_action_rules,typed_action_rules,nearest_neighbor+typed_action_rules,3,1248.767690,True,0,1.631141,True,True,True,3,828.14,0,50.791858,True,SINTEF VRPTW 100 customers
RC208,nearest_neighbor,typed_diagnostics_only,typed_diagnostics_only,nearest_neighbor+typed_diagnostics_only,4,1248.838894,True,0,3.409678,True,False,False,3,828.14,1,50.800456,False,SINTEF VRPTW 100 customers
